,Timestep,Days,Rootzone_store,Subsoil_store,Subsoil_loss,Fieldwl,Rootzonewl,Subsoilwl,Sub-soil_loss_s1,Subsoilwl_s1,P-ET_s2,Infil_s3,Actual_infil_s3,Fieldwl_s4,Rootzonewl_s4,Crop_deficit_s5,Crop_avai_s5,Crop_ava_s5,Fieldwl_s5,Rootzonewl_s5,Percolation_s6,Actual_perc_s6,Rootzonewl_s7,Subsoilwl_s7,Gate_O_C,Discharge_network,Efficiency_network,Fieldwl_network,Pump_On_Off_PD,Head_pos_neg_PD,Discharge_PD,Act_disch_PD,Fieldwl_PD,Irripump_On_Off_SW_IP,Head_neg_On_Off_SW_IP,Discharge_SW_IP,Act_disch_SW_IP,Fieldwl_SW_IP,Rootzone_wl_SW_IP,Crop_deficit_GWI,Irrigationcap_GWI,Act_Irri_cap_GWI,Fieldwl_Final,Rootzone_wl_Final,Subsoilwl_Final
2000-01-01,1,10,200.0,1000.0,30.0,0.0,0.0,200.0,30.0,170.0,-10,0.0,0,-10.0,0.0,-10,0,0,-10.0,0.0,0.0,0,0.0,170.0,0,-0.0,-0.0,-10.0,0,0,0.0,0,-10.0,0.201,18.066181376,10.0,10.0,-7.5,7.5,-7.5,10.0,0.0,-7.5,7.5,170.0
2000-01-11,2,10,200.0,1000.0,30.0,-7.5,7.5,170.0,30.0,140.0,-10,0.0,0.0,-17.5,7.5,-17.5,7.5,7.5,-10.0,0.0,0.0,0.0,0.0,140.0,0,-0.0,-0.0,-10.0,0,0,0.0,0,-10.0,0.201,17.922980484,10.0,10.0,-7.5,7.5,-7.5,10.0,0.0,-7.5,7.5,140.0
2000-01-21,3,11,200.0,1000.0,33.0,-7.5,7.5,140.0,33.0,107.0,-10,0.0,0.0,-17.5,7.5,-17.5,7.5,7.5,-10.0,0.0,0.0,0.0,0.0,107.0,0,-0.0,-0.0,-10.0,0,0,0.0,0,-10.0,0.201,17.905842172,10.0,10.0,-7.5,7.5,-7.5,11.0,0.0,-7.5,7.5,107.0
2000-02-01,4,10,200.0,1000.0,30.0,-7.5,7.5,107.0,30.0,77.0,-10,0.0,0.0,-17.5,7.5,-17.5,7.5,7.5,-10.0,0.0,0.0,0.0,0.0,77.0,0,-0.0,-0.0,-10.0,0,0,0.0,0,-10.0,0.201,18.06081352,10.0,10.0,-7.5,7.5,-7.5,10.0,0.0,-7.5,7.5,77.0
2000-02-11,5,10,200.0,1000.0,30.0,-7.5,7.5,77.0,30.0,47.0,-10,0.0,0.0,-17.5,7.5,-17.5,7.5,7.5,-10.0,0.0,0.0,0.0,0.0,47.0,0,-0.0,-0.0,-10.0,0,0,0.0,0,-10.0,0.201,17.811162596,10.0,10.0,-7.5,7.5,-7.5,10.0,0.0,-7.5,7.5,47.0
2000-02-21,6,9,200.0,1000.0,27.0,-7.5,7.5,47.0,27.0,20.0,-10,0.0,0.0,-17.5,7.5,-17.5,7.5,7.5,-10.0,0.0,0.0,0.0,0.0,20.0,0,-0.0,-0.0,-10.0,0,0,0.0,0,-10.0,0.201,17.539444004,10.0,10.0,-7.5,7.5,-7.5,9.0,0.0,-7.5,7.5,20.0
2000-03-01,7,10,200.0,1000.0,30.0,-7.5,7.5,20.0,20.0,0.0,-10,0.0,0.0,-17.5,7.5,-17.5,7.5,7.5,-10.0,0.0,0.0,0.0,0.0,0.0,0,-0.0,-0.0,-10.0,0,0,0.0,0,-10.0,0.201,18.490259162999997,10.0,10.0,-7.5,7.5,-7.5,0.0,0.0,-7.5,7.5,0.0
2000-03-11,8,10,200.0,1000.0,30.0,-7.5,7.5,0.0,0.0,0.0,-10,0.0,0.0,-17.5,7.5,-17.5,7.5,7.5,-10.0,0.0,0.0,0.0,0.0,0.0,0,-0.0,-0.0,-10.0,0,0,0.0,0,-10.0,0.201,19.83661209,10.0,10.0,-7.5,7.5,-7.5,0.0,0.0,-7.5,7.5,0.0
2000-03-21,9,11,200.0,1000.0,33.0,-7.5,7.5,0.0,0.0,0.0,-10,0.0,0.0,-17.5,7.5,-17.5,7.5,7.5,-10.0,0.0,0.0,0.0,0.0,0.0,0,-0.0,-0.0,-10.0,0,0,0.0,0,-10.0,0.201,18.196306755000002,10.0,10.0,-7.5,7.5,-7.5,0.0,0.0,-7.5,7.5,0.0
2000-04-01,10,10,200.0,1000.0,30.0,-7.5,7.5,0.0,0.0,0.0,-10,0.0,0.0,-17.5,7.5,-17.5,7.5,7.5,-10.0,0.0,0.0,0.0,0.0,0.0,0,-0.0,-0.0,-10.0,0,0,0.0,0,-10.0,0.201,17.872643218,10.0,10.0,-7.5,7.5,-7.5,0.0,0.0,-7.5,7.5,0.0
2000-04-11,11,10,200.0,1000.0,30.0,-7.5,7.5,0.0,0.0,0.0,-10,0.0,0.0,-17.5,7.5,-17.5,7.5,7.5,-10.0,0.0,0.0,0.0,0.0,0.0,1,-17.947197469,-8.9735987345,-1.0264012655000005,0,0,0.0,0,-1.0264012655000005,0.201,8.973598734500001,1.0264012655000005,1.0264012655000005,-0.7698009491250004,0.7698009491250004,-0.7698009491250004,0.0,0.0,-0.7698009491250004,0.7698009491250004,0.0
2000-04-21,12,10,200.0,1000.0,30.0,-0.7698009491250004,0.7698009491250004,0.0,0.0,0.0,-10,0.0,0.0,-10.769800949125,0.7698009491250004,-10.769800949125,0.7698009491250004,0.7698009491250004,-10.0,0.0,0.0,0.0,0.0,0.0,1,-21.028783009999998,-10.0,0.0,0,0,0.0,0,0.0,0.201,11.02878301,0.0,0.0,0.0,0.0,0.0,0.0,0.0,0.0,0.0,0.0
2000-05-01,13,10,200.0,1000.0,30.0,0.0,0.0,0.0,0.0,0.0,-10,0.0,0.0,-10.0,0.0,-10.0,0.0,0.0,-10.0,0.0,0.0,0.0,0.0,0.0,1,-25.40081292,-10.0,0.0,0,0,0.0,0,0.0,0.201,15.40081292,0.0,0.0,0.0,0.0,0.0,0.0,0.0,0.0,0.0,0.0
2000-05-11,14,10,200.0,1000.0,30.0,0.0,0.0,0.0,0.0,0.0,-10,0.0,0.0,-10.0,0.0,-10.0,0.0,0.0,-10.0,0.0,0.0,0.0,0.0,0.0,1,-21.253172069999998,-10.0,0.0,0,0,0.0,0,0.0,0.201,11.25317207,0.0,0.0,0.0,0.0,0.0,0.0,0.0,0.0,0.0,0.0
2000-05-21,15,11,200.0,1000.0,33.0,0.0,0.0,0.0,0.0,0.0,-10,0.0,0.0,-10.0,0.0,-10.0,0.0,0.0,-10.0,0.0,0.0,0.0,0.0,0.0,1,-25.28187865,-11.0,1.0,0,0,0.0,0,1.0,0.201,14.28187865,1.0,1.0,1.25,0.75,0.0,0.0,0.0,1.25,0.75,0.0
2000-06-01,16,10,200.0,1000.0,30.0,1.25,0.75,0.0,0.0,0.0,-10,0.0,0.0,-8.75,0.75,-8.75,0.75,0.75,-8.0,0.0,0.0,0.0,0.0,0.0,1,-23.60238205,-10.0,2.0,0,0,0.0,0,2.0,0.201,13.60238205,2.0,2.0,2.5,1.5,0.0,0.0,0.0,2.5,1.5,0.0
2000-06-11,17,10,200.0,1000.0,30.0,2.5,1.5,0.0,0.0,0.0,-10,0.0,0.0,-7.5,1.5,-7.5,1.5,1.5,-6.0,0.0,0.0,0.0,0.0,0.0,1,-21.43420695,-10.0,4.0,0,0,0.0,0,4.0,0.201,11.43420695,4.0,4.0,5.0,3.0,0.0,0.0,0.0,5.0,3.0,0.0
2000-06-21,18,10,200.0,1000.0,30.0,5.0,3.0,0.0,0.0,0.0,-10,0.0,0.0,-5.0,3.0,-5.0,3.0,3.0,-2.0,0.0,0.0,0.0,0.0,0.0,1,-17.586741699999997,-8.793370849999999,6.793370849999999,0,0,0.0,0,6.793370849999999,0.201,8.79337085,6.793370849999999,6.793370849999999,8.4917135625,5.095028137499999,0.0,0.0,0.0,8.4917135625,5.095028137499999,0.0
2000-07-01,19,10,200.0,1000.0,30.0,8.4917135625,5.095028137499999,0.0,0.0,0.0,-10,0.0,0.0,-1.5082864375000007,5.095028137499999,-1.5082864375000007,5.095028137499999,1.5082864375000007,0.0,3.5867416999999984,3.5867416999999984,3.5867416999999984,0.0,3.5867416999999984,1,-15.52330743,-7.761653715,7.761653715,0,0,0.0,0,7.761653715,0.201,7.761653715,7.761653715,7.761653715,9.70206714375,5.821240286249999,0.0,3.5867416999999984,0.0,9.70206714375,5.821240286249999,3.5867416999999984
2000-07-11,20,10,200.0,1000.0,30.0,9.70206714375,5.821240286249999,3.5867416999999984,3.5867416999999984,0.0,-10,0.0,0.0,-0.2979328562500001,5.821240286249999,-0.2979328562500001,5.821240286249999,0.2979328562500001,0.0,5.523307429999999,5.523307429999999,5.523307429999999,0.0,5.523307429999999,1,-13.79020933,-6.895104665,6.895104665,0,0,0.0,0,6.895104665,0.201,6.895104665,6.895104665,6.895104665,8.61888083125,5.17132849875,0.0,5.523307429999999,0.0,8.61888083125,5.17132849875,5.523307429999999
2000-07-21,21,11,200.0,1000.0,33.0,8.61888083125,5.17132849875,5.523307429999999,5.523307429999999,0.0,-10,0.0,0.0,-1.3811191687500006,5.17132849875,-1.3811191687500006,5.17132849875,1.3811191687500006,0.0,3.7902093299999997,3.7902093299999997,3.7902093299999997,0.0,3.7902093299999997,1,-13.71468478,-6.85734239,6.85734239,0,0,0.0,0,6.85734239,0.201,6.85734239,6.85734239,6.85734239,8.571677987500001,5.1430067925000005,0.0,3.7902093299999997,0.0,8.571677987500001,5.1430067925000005,3.7902093299999997
2000-08-01,22,10,200.0,1000.0,30.0,8.571677987500001,5.1430067925000005,3.7902093299999997,3.7902093299999997,0.0,-10,0.0,0.0,-1.428322012499999,5.1430067925000005,-1.428322012499999,5.1430067925000005,1.428322012499999,0.0,3.7146847800000016,3.7146847800000016,3.7146847800000016,0.0,3.7146847800000016,1,-15.43117843,-7.715589215,7.715589215,0,0,0.0,0,7.715589215,0.201,7.715589215,7.715589215,7.715589215,9.64448651875,5.786691911249999,0.0,3.7146847800000016,0.0,9.64448651875,5.786691911249999,3.7146847800000016
2000-08-11,23,10,200.0,1000.0,30.0,9.64448651875,5.786691911249999,3.7146847800000016,3.7146847800000016,0.0,-10,0.0,0.0,-0.35551348125000004,5.786691911249999,-0.35551348125000004,5.786691911249999,0.35551348125000004,0.0,5.431178429999999,5.431178429999999,5.431178429999999,0.0,5.431178429999999,1,-16.99530059,-8.497650295,8.497650295,0,0,0.0,0,8.497650295,0.201,8.497650295,8.497650295,8.497650295,10.62206286875,6.37323772125,0.0,5.431178429999999,0.0,10.62206286875,6.37323772125,5.431178429999999
2000-08-21,24,11,200.0,1000.0,33.0,10.62206286875,6.37323772125,5.431178429999999,5.431178429999999,0.0,-10,0.6220628687499996,0.6220628687499996,0.0,6.995300589999999,0.0,6.995300589999999,0.0,0.0,6.995300589999999,6.995300589999999,6.995300589999999,0.0,6.995300589999999,1,-17.31568897,-8.657844485,8.657844485,0,0,0.0,0,8.657844485,0.201,8.657844485,8.657844485,8.657844485,10.82230560625,6.4933833637500005,0.0,6.995300589999999,0.0,10.82230560625,6.4933833637500005,6.995300589999999
2000-09-01,25,10,200.0,1000.0,30.0,10.82230560625,6.4933833637500005,6.995300589999999,6.995300589999999,0.0,-10,0.8223056062499996,0.8223056062499996,0.0,7.31568897,0.0,7.31568897,0.0,0.0,7.31568897,7.31568897,7.31568897,0.0,7.31568897,1,-17.70000765,-8.850003825,8.850003825,0,0,0.0,0,8.850003825,0.201,8.850003825,8.850003825,8.850003825,11.06250478125,6.6375028687499995,0.0,7.31568897,0.0,11.06250478125,6.6375028687499995,7.31568897
2000-09-11,26,10,200.0,1000.0,30.0,11.06250478125,6.6375028687499995,7.31568897,7.31568897,0.0,-10,1.0625047812500004,1.0625047812500004,0.0,7.70000765,0.0,7.70000765,0.0,0.0,7.70000765,7.70000765,7.70000765,0.0,7.70000765,1,-17.19633277,-8.598166385,8.598166385,0,0,0.0,0,8.598166385,0.201,8.598166385,8.598166385,8.598166385,10.74770798125,6.448624788750001,0.0,7.70000765,0.0,10.74770798125,6.448624788750001,7.70000765
2000-09-21,27,10,200.0,1000.0,30.0,10.74770798125,6.448624788750001,7.70000765,7.70000765,0.0,-10,0.7477079812500005,0.7477079812500005,0.0,7.1963327700000015,0.0,7.1963327700000015,0.0,0.0,7.1963327700000015,7.1963327700000015,7.1963327700000015,0.0,7.1963327700000015,1,-15.91493505,-7.957467525000001,7.957467525000001,0,0,0.0,0,7.957467525000001,0.201,7.957467524999999,7.957467525000001,7.957467524999999,9.946834406250002,5.96810064375,0.0,7.1963327700000015,0.0,9.946834406250002,5.96810064375,7.1963327700000015
2000-10-01,28,10,200.0,1000.0,30.0,9.946834406250002,5.96810064375,7.1963327700000015,7.1963327700000015,0.0,-10,0.0,0.0,-0.05316559374999841,5.96810064375,-0.05316559374999841,5.96810064375,0.05316559374999841,0.0,5.914935050000001,5.914935050000001,5.914935050000001,0.0,5.914935050000001,1,-15.94350124,-7.97175062,7.97175062,0,0,0.0,0,7.97175062,0.201,7.97175062,7.97175062,7.97175062,9.964688275,5.9788129649999995,0.0,5.914935050000001,0.0,9.964688275,5.9788129649999995,5.914935050000001
2000-10-11,29,10,200.0,1000.0,30.0,9.964688275,5.9788129649999995,5.914935050000001,5.914935050000001,0.0,-10,0.0,0.0,-0.03531172499999968,5.9788129649999995,-0.03531172499999968,5.9788129649999995,0.03531172499999968,0.0,5.94350124,5.94350124,5.94350124,0.0,5.94350124,1,-12.61422991,-6.307114955,6.307114955,0,0,0.0,0,6.307114955,0.201,6.307114955,6.307114955,6.307114955,7.88389369375,4.7303362162500004,0.0,5.94350124,0.0,7.88389369375,4.7303362162500004,5.94350124
2000-10-21,30,11,200.0,1000.0,33.0,7.88389369375,4.7303362162500004,5.94350124,5.94350124,0.0,-10,0.0,0.0,-2.11610630625,4.7303362162500004,-2.11610630625,4.7303362162500004,2.11610630625,0.0,2.6142299100000006,2.6142299100000006,2.6142299100000006,0.0,2.6142299100000006,0,-0.0,-0.0,0.0,0,0,0.0,0,0.0,0.201,10.96079337,0.0,0.0,0.0,0.0,0.0,2.6142299100000006,0.0,0.0,0.0,2.6142299100000006
2000-11-01,31,10,200.0,1000.0,30.0,0.0,0.0,2.6142299100000006,2.6142299100000006,0.0,-10,0.0,0.0,-10.0,0.0,-10.0,0.0,0.0,-10.0,0.0,0.0,0.0,0.0,0.0,0,-0.0,-0.0,-10.0,0,0,0.0,0,-10.0,0.201,20.47786202,10.0,10.0,-7.5,7.5,-7.5,0.0,0.0,-7.5,7.5,0.0
2000-11-11,32,10,200.0,1000.0,30.0,-7.5,7.5,0.0,0.0,0.0,-10,0.0,0.0,-17.5,7.5,-17.5,7.5,7.5,-10.0,0.0,0.0,0.0,0.0,0.0,0,-0.0,-0.0,-10.0,0,0,0.0,0,-10.0,0.201,19.385126506,10.0,10.0,-7.5,7.5,-7.5,0.0,0.0,-7.5,7.5,0.0
2000-11-21,33,10,200.0,1000.0,30.0,-7.5,7.5,0.0,0.0,0.0,-10,0.0,0.0,-17.5,7.5,-17.5,7.5,7.5,-10.0,0.0,0.0,0.0,0.0,0.0,0,-0.0,-0.0,-10.0,0,0,0.0,0,-10.0,0.201,19.04003242,10.0,10.0,-7.5,7.5,-7.5,0.0,0.0,-7.5,7.5,0.0
2000-12-01,34,10,200.0,1000.0,30.0,-7.5,7.5,0.0,0.0,0.0,-10,0.0,0.0,-17.5,7.5,-17.5,7.5,7.5,-10.0,0.0,0.0,0.0,0.0,0.0,0,-0.0,-0.0,-10.0,0,0,0.0,0,-10.0,0.201,18.917146726,10.0,10.0,-7.5,7.5,-7.5,0.0,0.0,-7.5,7.5,0.0
2000-12-11,35,10,200.0,1000.0,30.0,-7.5,7.5,0.0,0.0,0.0,-10,0.0,0.0,-17.5,7.5,-17.5,7.5,7.5,-10.0,0.0,0.0,0.0,0.0,0.0,0,-0.0,-0.0,-10.0,0,0,0.0,0,-10.0,0.201,18.583760265000002,10.0,10.0,-7.5,7.5,-7.5,0.0,0.0,-7.5,7.5,0.0
2000-12-21,36,11,200.0,1000.0,33.0,-7.5,7.5,0.0,0.0,0.0,-10,0.0,0.0,-17.5,7.5,-17.5,7.5,7.5,-10.0,0.0,0.0,0.0,0.0,0.0,0,-0.0,-0.0,-10.0,0,0,0.0,0,-10.0,0.201,18.37848301,10.0,10.0,-7.5,7.5,-7.5,0.0,0.0,-7.5,7.5,0.0
2001-01-01,1,10,200.0,1000.0,30.0,-7.5,7.5,0.0,0.0,0.0,-10,0.0,0.0,-17.5,7.5,-17.5,7.5,7.5,-10.0,0.0,0.0,0.0,0.0,0.0,0,-0.0,-0.0,-10.0,0,0,0.0,0,-10.0,0.201,18.219312256000002,10.0,10.0,-7.5,7.5,-7.5,0.0,0.0,-7.5,7.5,0.0
2001-01-11,2,10,200.0,1000.0,30.0,-7.5,7.5,0.0,0.0,0.0,-10,0.0,0.0,-17.5,7.5,-17.5,7.5,7.5,-10.0,0.0,0.0,0.0,0.0,0.0,0,-0.0,-0.0,-10.0,0,0,0.0,0,-10.0,0.201,18.066927042,10.0,10.0,-7.5,7.5,-7.5,0.0,0.0,-7.5,7.5,0.0
2001-01-21,3,11,200.0,1000.0,33.0,-7.5,7.5,0.0,0.0,0.0,-10,0.0,0.0,-17.5,7.5,-17.5,7.5,7.5,-10.0,0.0,0.0,0.0,0.0,0.0,0,-0.0,-0.0,-10.0,0,0,0.0,0,-10.0,0.201,17.910406064,10.0,10.0,-7.5,7.5,-7.5,0.0,0.0,-7.5,7.5,0.0
2001-02-01,4,10,200.0,1000.0,30.0,-7.5,7.5,0.0,0.0,0.0,-10,0.0,0.0,-17.5,7.5,-17.5,7.5,7.5,-10.0,0.0,0.0,0.0,0.0,0.0,0,-0.0,-0.0,-10.0,0,0,0.0,0,-10.0,0.201,17.800104868,10.0,10.0,-7.5,7.5,-7.5,0.0,0.0,-7.5,7.5,0.0
2001-02-11,5,10,200.0,1000.0,30.0,-7.5,7.5,0.0,0.0,0.0,-10,0.0,0.0,-17.5,7.5,-17.5,7.5,7.5,-10.0,0.0,0.0,0.0,0.0,0.0,0,-0.0,-0.0,-10.0,0,0,0.0,0,-10.0,0.201,17.700421386000002,10.0,10.0,-7.5,7.5,-7.5,0.0,0.0,-7.5,7.5,0.0
2001-02-21,6,8,200.0,1000.0,24.0,-7.5,7.5,0.0,0.0,0.0,-10,0.0,0.0,-17.5,7.5,-17.5,7.5,7.5,-10.0,0.0,0.0,0.0,0.0,0.0,0,-0.0,-0.0,-10.0,0,0,0.0,0,-10.0,0.201,17.962744966,10.0,10.0,-7.5,7.5,-7.5,0.0,0.0,-7.5,7.5,0.0
2001-03-01,7,10,200.0,1000.0,30.0,-7.5,7.5,0.0,0.0,0.0,-10,0.0,0.0,-17.5,7.5,-17.5,7.5,7.5,-10.0,0.0,0.0,0.0,0.0,0.0,0,-0.0,-0.0,-10.0,0,0,0.0,0,-10.0,0.201,18.512340874,10.0,10.0,-7.5,7.5,-7.5,0.0,0.0,-7.5,7.5,0.0
2001-03-11,8,10,200.0,1000.0,30.0,-7.5,7.5,0.0,0.0,0.0,-10,0.0,0.0,-17.5,7.5,-17.5,7.5,7.5,-10.0,0.0,0.0,0.0,0.0,0.0,0,-0.0,-0.0,-10.0,0,0,0.0,0,-10.0,0.201,17.458997092,10.0,10.0,-7.5,7.5,-7.5,0.0,0.0,-7.5,7.5,0.0
2001-03-21,9,11,200.0,1000.0,33.0,-7.5,7.5,0.0,0.0,0.0,-10,0.0,0.0,-17.5,7.5,-17.5,7.5,7.5,-10.0,0.0,0.0,0.0,0.0,0.0,0,-0.0,-0.0,-10.0,0,0,0.0,0,-10.0,0.201,17.698977733,10.0,10.0,-7.5,7.5,-7.5,0.0,0.0,-7.5,7.5,0.0
2001-04-01,10,10,200.0,1000.0,30.0,-7.5,7.5,0.0,0.0,0.0,-10,0.0,0.0,-17.5,7.5,-17.5,7.5,7.5,-10.0,0.0,0.0,0.0,0.0,0.0,0,-0.0,-0.0,-10.0,0,0,0.0,0,-10.0,0.201,17.951372065,10.0,10.0,-7.5,7.5,-7.5,0.0,0.0,-7.5,7.5,0.0
2001-04-11,11,10,200.0,1000.0,30.0,-7.5,7.5,0.0,0.0,0.0,-10,0.0,0.0,-17.5,7.5,-17.5,7.5,7.5,-10.0,0.0,0.0,0.0,0.0,0.0,1,-17.756471803,-8.8782359015,-1.1217640985,0,0,0.0,0,-1.1217640985,0.201,8.878235901499998,1.1217640985,1.1217640985,-0.8413230738749999,0.8413230738749999,-0.8413230738749999,0.0,0.0,-0.8413230738749999,0.8413230738749999,0.0
2001-04-21,12,10,200.0,1000.0,30.0,-0.8413230738749999,0.8413230738749999,0.0,0.0,0.0,-10,0.0,0.0,-10.841323073875,0.8413230738749999,-10.841323073875,0.8413230738749999,0.8413230738749999,-10.0,0.0,0.0,0.0,0.0,0.0,1,-17.859592146,-8.929796073,-1.0702039269999997,0,0,0.0,0,-1.0702039269999997,0.201,8.929796073,1.0702039269999997,1.0702039269999997,-0.8026529452499997,0.8026529452499997,-0.8026529452499997,0.0,0.0,-0.8026529452499997,0.8026529452499997,0.0
2001-05-01,13,10,200.0,1000.0,30.0,-0.8026529452499997,0.8026529452499997,0.0,0.0,0.0,-10,0.0,0.0,-10.80265294525,0.8026529452499997,-10.80265294525,0.8026529452499997,0.8026529452499997,-10.0,0.0,0.0,0.0,0.0,0.0,1,-19.791187229000002,-9.895593614500001,-0.10440638549999903,0,0,0.0,0,-0.10440638549999903,0.201,9.8955936145,0.10440638549999903,0.10440638549999903,-0.07830478912499927,0.07830478912499927,-0.07830478912499927,0.0,0.0,-0.07830478912499927,0.07830478912499927,0.0
2001-05-11,14,10,200.0,1000.0,30.0,-0.07830478912499927,0.07830478912499927,0.0,0.0,0.0,-10,0.0,0.0,-10.078304789125,0.07830478912499927,-10.078304789125,0.07830478912499927,0.07830478912499927,-10.0,0.0,0.0,0.0,0.0,0.0,1,-22.503113069999998,-10.0,0.0,0,0,0.0,0,0.0,0.201,12.50311307,0.0,0.0,0.0,0.0,0.0,0.0,0.0,0.0,0.0,0.0
2001-05-21,15,11,200.0,1000.0,33.0,0.0,0.0,0.0,0.0,0.0,-10,0.0,0.0,-10.0,0.0,-10.0,0.0,0.0,-10.0,0.0,0.0,0.0,0.0,0.0,1,-20.01223786,-10.00611893,0.006118929999999523,0,0,0.0,0,0.006118929999999523,0.201,10.006118930000001,0.006118929999999523,0.006118929999999523,0.0076486624999994035,0.004589197499999642,0.0,0.0,0.0,0.0076486624999994035,0.004589197499999642,0.0
